passengerID,fullName,email
249699623,Zonnya Liddyard,zliddyard0@dedecms.com
232998334,Ashbey Du Fray,adu1@ox.ac.uk
445369177,Raynell Lowles,rlowles2@youtube.com
284401110,Wanda Summergill,wsummergill3@ucsd.edu
496998253,Lyndsie Cartwight,lcartwight4@devhub.com
498067387,Enrichetta Drinkhill,edrinkhill5@tuttocitta.it
433167966,Jackquelin Grewe,jgrewe6@mtv.com
279278079,Ravi Lum,rlum7@virginia.edu
348036321,Timotheus Drew-Clifton,tdrewclifton8@vk.com
304904697,Albie Woolveridge,awoolveridge9@csmonitor.com
456239127,Cam Parren,cparrena@ox.ac.uk
265694561,Sandy Goforth,sgoforthb@networkadvertising.org
492369649,Kassia Glasscoo,kglasscooc@twitter.com
213239330,Beatrice Higgoe,bhiggoed@123-reg.co.uk
423865101,Pennie Thiem,pthieme@sakura.ne.jp
337570042,Kalvin Lunt,kluntf@google.com.br
416677321,Pauly Duke,pdukeg@comcast.net
261638476,Yale Barthorpe,ybarthorpeh@princeton.edu
334784080,Erv Elie,eeliei@marketwatch.com
476166960,Birk Cobbledick,bcobbledickj@un.org
270153126,Basilius Orman,bormank@tamu.edu
350368279,Thelma Farans,tfaransl@yellowpages.com
476954374,Chrotoem Kensington,ckensingtonm@oracle.com
451871263,Ethyl Jackalin,ejackalinn@exblog.jp
408056900,Minette Drache,mdracheo@cafepress.com
490654067,Aylmer Ody,aodyp@utexas.edu
307568521,Chlo Abramamovh,cabramamovhq@163.com
276695674,Huberto Ritchings,hritchingsr@delicious.com
400006904,Nike Varsey,nvarseys@nba.com
367002081,Pansy Targetter,ptargettert@slate.com
395771236,Gav Fennick,gfennicku@hud.gov
383824466,Michell Germaine,mgermainev@naver.com
412561107,Neile Guye,nguyew@tuttocitta.it
241838349,Lynda Digginson,ldigginsonx@skype.com
481684637,Marje Maywood,mmaywoody@google.com.au
369918387,Beverley Luppitt,bluppittz@joomla.org
211855110,Nedda Robus,nrobus10@storify.com
420435840,Di Heinsh,dheinsh11@furl.net
237651365,Jeffrey Dainton,jdainton12@businessinsider.com
226652749,Jerald Lithgow,jlithgow13@goo.gl
496282890,Rickert Saffe,rsaffe14@huffingtonpost.com
490842311,Nani Filyukov,nfilyukov15@gizmodo.com
246176329,Alejoa Yeeles,ayeeles16@ebay.com
495911969,Zorah O'Fielly,zofielly17@blog.com
323383130,Germain Wightman,gwightman18@businessinsider.com
288170838,Hamish Dunbleton,hdunbleton19@chronoengine.com
337096581,Jolene Rowcliffe,jrowcliffe1a@google.com
442290602,Grannie Menci,gmenci1b@tuttocitta.it
314630437,Yankee Iddens,yiddens1c@dmoz.org
493156482,Reta Woollard,rwoollard1d@theguardian.com
307743364,Towney Rehor,trehor1e@economist.com
348296394,Fae Hayselden,fhayselden1f@gmpg.org
432957204,Remy Dewhurst,rdewhurst1g@un.org
346840494,Darill Stigers,dstigers1h@ehow.com
455486400,Pen Viccary,pviccary1i@mlb.com
475819522,Doris Tomaszewski,dtomaszewski1j@ted.com
355901352,Franklyn Ainsworth,fainsworth1k@pagesperso-orange.fr
318151073,Carlye Harrild,charrild1l@miitbeian.gov.cn
291632701,Keslie Bellham,kbellham1m@nsw.gov.au
394931777,Donnie Dabinett,ddabinett1n@twitpic.com
283875646,Jean O' Hern,jo1o@dagondesign.com
349778446,Ibbie Benley,ibenley1p@qq.com
411007221,Horten Mellody,hmellody1q@yellowpages.com
261100880,Katharyn Vaggs,kvaggs1r@huffingtonpost.com
487159781,Waylan Einchcombe,weinchcombe1s@artisteer.com
429706851,Jane Mazzia,jmazzia1t@theglobeandmail.com
236308899,Dylan Peasnone,dpeasnone1u@businesswire.com
485455767,Boonie Langcastle,blangcastle1v@google.es
242664992,Kimberlyn Anstice,kanstice1w@sourceforge.net
244596379,Nancee Litchfield,nlitchfield1x@hubpages.com
378962762,Rollo Surridge,rsurridge1y@sun.com
282515397,Cly Summerley,csummerley1z@google.es
286975510,Chet Glassard,cglassard20@prlog.org
287451589,Naomi Batstone,nbatstone21@lulu.com
408361367,Jeanie Ivanikhin,jivanikhin22@slideshare.net
423457506,Boothe Flooks,bflooks23@jigsy.com
442220670,Camille Langhorne,clanghorne24@google.fr
231546603,Ellis O'Cannon,eocannon25@imgur.com
431046054,Berry Charleston,bcharleston26@vistaprint.com
340315384,Joyous Haggart,jhaggart27@ameblo.jp
404348793,Kevina Kingshott,kkingshott28@irs.gov
333538853,Valma Scurrer,vscurrer29@nsw.gov.au
341445752,Agnella Peschmann,apeschmann2a@geocities.com
436919673,Beulah Donohue,bdonohue2b@nasa.gov
348602403,Arch Bold,abold2c@nationalgeographic.com
387048995,Alyda Hoyt,ahoyt2d@ucsd.edu
248825265,Cissy Stebbings,cstebbings2e@usnews.com
278853410,Saree Thairs,sthairs2f@hubpages.com
329104977,Nat Rimmer,nrimmer2g@liveinternet.ru
427580806,Queenie Fadden,qfadden2h@shop-pro.jp
484281922,Morie Bramwich,mbramwich2i@senate.gov
264007042,Laverne Izon,lizon2j@ucla.edu
469148580,Sherie Gussie,sgussie2k@mozilla.org
422581362,Margret Ivashechkin,mivashechkin2l@flavors.me
226360379,Robinette McDunlevy,rmcdunlevy2m@home.pl
422743159,Thedric Rope,trope2n@google.com.br
398602489,Papageno Keyzman,pkeyzman2o@noaa.gov
437771150,Dulcine Gladwell,dgladwell2p@techcrunch.com
414351474,Lidia Goodlet,lgoodlet2q@apple.com
341830703,Annabell Wickham,awickham2r@bloglovin.com
220711983,Amye Lutz,alutz2s@ihg.com
390740572,Bastien Tooting,btooting2t@tmall.com
315476874,Tommi Flaxman,tflaxman2u@ted.com
343906918,Alejoa Zuenelli,azuenelli2v@newyorker.com
346623162,Saul Marrison,smarrison2w@businessweek.com
254012278,Marchelle Sifflett,msifflett2x@prweb.com
267293763,Archaimbaud Calton,acalton2y@biglobe.ne.jp
355409620,Amery Jeffcoat,ajeffcoat2z@dmoz.org
490350226,Ilysa Grace,igrace30@uol.com.br
436986804,Thaddus Frizzell,tfrizzell31@dailymail.co.uk
321799584,Aguie Lahy,alahy32@google.com
340897583,Harrie Glenwright,hglenwright33@ifeng.com
281021485,Blinny Mattock,bmattock34@de.vu
279064040,Livvy Santello,lsantello35@mediafire.com
368195538,Zachery Usmar,zusmar36@istockphoto.com
289974913,Bliss Goodnow,bgoodnow37@mayoclinic.com
301697282,Lief Petrillo,lpetrillo38@nytimes.com
327256540,Pooh Grundell,pgrundell39@soundcloud.com
493115042,Shalna Tarver,starver3a@wp.com
378415482,Merrielle Devennie,mdevennie3b@flickr.com
411638373,Becca O'Mailey,bomailey3c@huffingtonpost.com
487969772,Rhetta Castella,rcastella3d@cafepress.com
400715696,Cindra Fulop,cfulop3e@ow.ly
340825689,Genna De la Zenne,gde3f@sbwire.com
342554607,Engelbert Shaw,eshaw3g@hhs.gov
222372752,Martelle Slimming,mslimming3h@amazon.co.uk
497355454,Taite Penkman,tpenkman3i@house.gov
385768012,Genny Lipgens,glipgens3j@intel.com
475087284,Magdalene Liddall,mliddall3k@amazonaws.com
253331448,Lauri Waldock,lwaldock3l@last.fm
375167403,Archibaldo Marvell,amarvell3m@rakuten.co.jp
333655933,Harv McPherson,hmcpherson3n@cyberchimps.com
364768371,Garfield Duprey,gduprey3o@buzzfeed.com
471072490,Kali Furze,kfurze3p@1688.com
379709422,Otho Kluger,okluger3q@hibu.com
405909687,Saba Favill,sfavill3r@squidoo.com
365714021,Allyson Chaffer,achaffer3s@telegraph.co.uk
265739449,Isabeau Truter,itruter3t@bbb.org
223364013,Sheila Clohessy,sclohessy3u@shutterfly.com
269970572,Alexa Eltune,aeltune3v@tuttocitta.it
447884608,Vin Traill,vtraill3w@samsung.com
279374252,Shae Delea,sdelea3x@examiner.com
314612092,Chloette Ranshaw,cranshaw3y@dion.ne.jp
323484999,Si Bowsher,sbowsher3z@wordpress.org
314179321,Dario Wimes,dwimes40@netvibes.com
316490192,Simonne Lilion,slilion41@gov.uk
373641776,Seth Feldman,sfeldman42@google.nl
243515338,Wendie Woolfitt,wwoolfitt43@ezinearticles.com
414514737,Ilse Lanston,ilanston44@washingtonpost.com
378297318,Horatio Kellett,hkellett45@smh.com.au
236634183,Babbie Bowkett,bbowkett46@canalblog.com
414889763,Chadwick Burfield,cburfield47@si.edu
249712349,Hyman Applewhite,happlewhite48@nbcnews.com
337557549,Arlen Savil,asavil49@nsw.gov.au
407398833,Izak Slide,islide4a@gmpg.org
333885527,Hewet Kelly,hkelly4b@amazon.co.uk
407953749,Estelle Spellissy,espellissy4c@woothemes.com
419129719,Dietrich Marmyon,dmarmyon4d@soup.io
308746377,Stephenie todor,stodor4e@stanford.edu
375070542,Urban Alsop,ualsop4f@bing.com
340590300,Ileane De Meyer,ide4g@webeden.co.uk
462285550,Jimmy Rennolds,jrennolds4h@yolasite.com
219252306,Merilee Goldis,mgoldis4i@toplist.cz
477368431,Bayard Mixture,bmixture4j@ycombinator.com
293945351,Daphne Landes,dlandes4k@earthlink.net
244771045,Tymon Gear,tgear4l@ed.gov
353596945,Eugenius Kach,ekach4m@yolasite.com
215778456,Lindon Greystock,lgreystock4n@theguardian.com
211657568,Hilly Dyhouse,hdyhouse4o@mtv.com
425958379,Kippie Ordish,kordish4p@alibaba.com
311417025,Janean Pendred,jpendred4q@skyrock.com
407841993,Lynett Beachamp,lbeachamp4r@answers.com
442796317,Amalle Burland,aburland4s@devhub.com
436805933,Tam Tyson,ttyson4t@timesonline.co.uk
380116974,Barclay Bedwell,bbedwell4u@about.com
378317125,Sallee Crockley,scrockley4v@aboutads.info
432604144,Margot Volk,mvolk4w@mashable.com
467340024,Tanny Stockell,tstockell4x@mac.com
276172210,Traci Piggen,tpiggen4y@plala.or.jp
401512386,Sergio MacPeake,smacpeake4z@addthis.com
378909425,Maurie Snoding,msnoding50@storify.com
291922716,Lyda Rohmer,lrohmer51@mapquest.com
263091047,Aime Kale,akale52@foxnews.com
467248262,Stafford Rummins,srummins53@cbslocal.com
272502392,Hale McGeaney,hmcgeaney54@imageshack.us
449926704,Chen Jarvis,cjarvis55@about.com
474949379,Kelbee Colebourn,kcolebourn56@cafepress.com
472929988,Mellisent Balston,mbalston57@nyu.edu
354094402,Thaxter Isaksson,tisaksson58@narod.ru
262720567,Kerri Ilchuk,kilchuk59@gov.uk
417013347,Andras Golt,agolt5a@angelfire.com
401886873,Melody Hunnisett,mhunnisett5b@admin.ch
253953618,Dedra Rodenburgh,drodenburgh5c@hp.com
375833609,Hanny Leyban,hleyban5d@timesonline.co.uk
431552924,Waly Mapplethorpe,wmapplethorpe5e@sciencedirect.com
427821738,Selestina Hallett,shallett5f@about.com
390235325,Chalmers Doberer,cdoberer5g@technorati.com
246475147,Dasya De Luna,dde5h@unc.edu
473025634,Keri Mosley,kmosley5i@ihg.com
486718264,Joshuah Pugh,jpugh5j@dyndns.org
452399825,Corissa Langford,clangford5k@nydailynews.com
303381446,Rivi Winnard,rwinnard5l@twitpic.com
424847378,Rozele Beurich,rbeurich5m@irs.gov
277726485,Thekla Bunt,tbunt5n@who.int
249526528,Maje Vasyutkin,mvasyutkin5o@google.es
401148731,Anett Plaster,aplaster5p@oracle.com
401103334,Dniren Roman,droman5q@exblog.jp
428593920,Caroljean Scoines,cscoines5r@wikia.com
484889028,Erasmus Haddrell,ehaddrell5s@ifeng.com
471408687,Consuelo Smullen,csmullen5t@ucsd.edu
431190176,Pavlov Goschalk,pgoschalk5u@economist.com
235968251,Tori Brogioni,tbrogioni5v@bigcartel.com
459273218,Humfried Barnwall,hbarnwall5w@goo.gl
481139926,Lisette Windus,lwindus5x@goo.ne.jp
211714140,Danya Leyband,dleyband5y@sohu.com
405007224,Roxanna Burbudge,rburbudge5z@fda.gov
403608495,Mahalia Balaam,mbalaam60@nps.gov
334652669,Edik Cooke,ecooke61@ibm.com
271403977,Codi Lesley,clesley62@timesonline.co.uk
328302546,Kendal Tripean,ktripean63@delicious.com
318679687,Shaina Capes,scapes64@dion.ne.jp
222503784,Kala Nobriga,knobriga65@de.vu
404692433,Devonne Sibbson,dsibbson66@squidoo.com
251808563,Geneva Conrart,gconrart67@mediafire.com
409482185,Emmalynne McCloid,emccloid68@china.com.cn
265580993,Arman Choake,achoake69@tuttocitta.it
409511732,Gard O'Fairy,gofairy6a@umich.edu
391300217,Savina Andryushchenko,sandryushchenko6b@scribd.com
338215675,Randi Hatliffe,rhatliffe6c@time.com
473019065,Tymothy Percival,tpercival6d@parallels.com
321712293,Massimo Markson,mmarkson6e@wsj.com
491446240,Theda Forte,tforte6f@google.com.au
337454790,Penn Chavez,pchavez6g@deviantart.com
437260275,Rhianon Heustace,rheustace6h@cdc.gov
241914838,Dedra Syalvester,dsyalvester6i@etsy.com
282647048,Ailis Farndale,afarndale6j@sfgate.com
463790896,Korrie Upchurch,kupchurch6k@oracle.com
377953872,Sammie Cawley,scawley6l@nih.gov
439996586,Birgit Arnao,barnao6m@stanford.edu
273779569,Ahmad Adamczewski,aadamczewski6n@github.io
434558393,Sayer Cadden,scadden6o@symantec.com
212203141,Garvy Gilstoun,ggilstoun6p@slate.com
399193869,Ethelred Bolesma,ebolesma6q@wordpress.com
379162902,Alessandro Bahl,abahl6r@ibm.com
488427144,Isaiah Francie,ifrancie6s@google.com
442151520,Dasya Sheddan,dsheddan6t@about.com
342524223,Marten Bruntje,mbruntje6u@mysql.com
451987288,Bili Beaby,bbeaby6v@bluehost.com
271660795,Shaylyn Washington,swashington6w@earthlink.net
431778699,Isabelita Gillani,igillani6x@naver.com
409025276,Jeniece Smelley,jsmelley6y@toplist.cz
472744847,Taddeo Ing,ting6z@php.net
300727211,Livvyy Piet,lpiet70@sciencedirect.com
267721481,Jan Maryin,jmaryin71@miibeian.gov.cn
355841751,Tracey Northway,tnorthway72@scientificamerican.com
255469092,Reider Goshawk,rgoshawk73@ebay.com
339322450,Sherman Soots,ssoots74@list-manage.com
369692875,Sibylle Loader,sloader75@barnesandnoble.com
320103091,Didi Brazear,dbrazear76@linkedin.com
386538612,Joanie Melville,jmelville77@china.com.cn
265648591,Ericha Manis,emanis78@meetup.com
299551077,Terrance Blumfield,tblumfield79@deliciousdays.com
464808081,Ami Mulhill,amulhill7a@amazon.co.uk
295987724,Salvidor Andrejs,sandrejs7b@simplemachines.org
451351226,Alfons Kane,akane7c@virginia.edu
257327812,Essy Meak,emeak7d@spiegel.de
471222806,Gabbi Josskoviz,gjosskoviz7e@si.edu
379557779,Shellysheldon Clem,sclem7f@uol.com.br
489406768,Branden Jozaitis,bjozaitis7g@yellowpages.com
489659655,Amelita Tweedell,atweedell7h@so-net.ne.jp
455056264,Donica Van De Cappelle,dvan7i@npr.org
294112181,Nollie Gerrelts,ngerrelts7j@webnode.com
312734175,Fee Finlay,ffinlay7k@about.me
482091040,Artus Boscher,aboscher7l@furl.net
309406013,Arlette Andrichak,aandrichak7m@zdnet.com
215191064,Gerhard Hubbocks,ghubbocks7n@squidoo.com
353026108,Travis Purkiss,tpurkiss7o@paginegialle.it
420910629,Cynthea Karoly,ckaroly7p@xing.com
325700740,Lyndsie Proudman,lproudman7q@cbslocal.com
452567231,Janey Gooda,jgooda7r@hhs.gov
353738327,Magda Sonschein,msonschein7s@theatlantic.com
254796936,Brooke Eckart,beckart7t@about.me
481356689,Kennith Vallerine,kvallerine7u@dagondesign.com
258925660,Keenan MacPadene,kmacpadene7v@yandex.ru
230896182,Dulcea Eversley,deversley7w@state.tx.us
372199128,Mallorie Bringloe,mbringloe7x@toplist.cz
366322995,Gare Popelay,gpopelay7y@tumblr.com
443375879,Natale Joiris,njoiris7z@psu.edu
324707544,Iorgos Gimber,igimber80@etsy.com
211255599,Kristo Theurer,ktheurer81@dailymail.co.uk
490378390,Tadeas Bourdon,tbourdon82@elpais.com
407707712,Eduino Furmagier,efurmagier83@vkontakte.ru
301214780,Sig Ewens,sewens84@lycos.com
467443660,Maddi Kirkby,mkirkby85@columbia.edu
477428025,Abbie Wegman,awegman86@delicious.com
436072413,Sax Epine,sepine87@symantec.com
468277821,Cate Peckett,cpeckett88@answers.com
276241570,Jeth Bushen,jbushen89@tumblr.com
300527134,Stacy Venner,svenner8a@sbwire.com
363267909,Fredi Thorneloe,fthorneloe8b@washingtonpost.com
377105613,Kaile Ferrieri,kferrieri8c@ebay.co.uk
240027636,Jan Ebbins,jebbins8d@chron.com
237066708,Johnette Staddon,jstaddon8e@youtu.be
439513294,Grant Britnell,gbritnell8f@webmd.com
228872975,Annabell Hazeup,ahazeup8g@biglobe.ne.jp
321986152,Bernette Woodcock,bwoodcock8h@php.net
441679572,Sidonnie Gomer,sgomer8i@berkeley.edu
422023738,Beau Sainthill,bsainthill8j@slate.com
419351622,Ajay Volet,avolet8k@pinterest.com
232517302,Darius Gouge,dgouge8l@indiatimes.com
480088697,Karney Stodart,kstodart8m@yellowpages.com
302535770,Salaidh Romeril,sromeril8n@icq.com
357541013,Christiano Foffano,cfoffano8o@posterous.com
252757790,Rufus Daish,rdaish8p@cloudflare.com
256274698,Selena Swindle,sswindle8q@netlog.com
435296662,Kynthia Corps,kcorps8r@ibm.com
281874624,Geralda Banfill,gbanfill8s@exblog.jp
486887128,Dwayne Starsmeare,dstarsmeare8t@umich.edu
337562885,Gretna Leyshon,gleyshon8u@eventbrite.com
354687281,Layton Kerfod,lkerfod8v@liveinternet.ru
256151306,Chad Thody,cthody8w@mediafire.com
445100961,Fletcher Coltart,fcoltart8x@parallels.com
251566759,Ken Stodit,kstodit8y@creativecommons.org
298248140,Erroll Peyntue,epeyntue8z@webs.com
435127506,Garald Poizer,gpoizer90@epa.gov
230584801,Melisa MacCallion,mmaccallion91@blogs.com
248089283,Em Latty,elatty92@woothemes.com
484331313,Jervis Conan,jconan93@ucla.edu
358914306,Kendal Kerwen,kkerwen94@amazonaws.com
283294496,Charlene Goode,cgoode95@indiegogo.com
374075153,Rakel Mancktelow,rmancktelow96@redcross.org
384519027,Sergent Burger,sburger97@merriam-webster.com
411418949,Tisha Paggitt,tpaggitt98@flavors.me
495026543,Eugenio Ackers,eackers99@independent.co.uk
377930102,Marabel Cassells,mcassells9a@gravatar.com
218851648,Christian Kinker,ckinker9b@devhub.com
495234349,Xaviera Pinkard,xpinkard9c@blinklist.com
275525024,Feliks Bilfoot,fbilfoot9d@ucoz.ru
351939337,Cornie Antognetti,cantognetti9e@arstechnica.com
230560367,Mimi Eaves,meaves9f@zimbio.com
496264116,Evita St Clair,est9g@nsw.gov.au
329132441,Isaiah Anthonsen,ianthonsen9h@yahoo.com
456726188,Florence Denyer,fdenyer9i@alibaba.com
409335563,Rickard Bengefield,rbengefield9j@twitter.com
228395661,Keely De la Zenne,kde9k@independent.co.uk
440209010,Ebonee Engel,eengel9l@oracle.com
318005485,Addie Hanley,ahanley9m@dailymail.co.uk
215677944,Nessa Noseworthy,nnoseworthy9n@rakuten.co.jp
317350639,Spence Circuitt,scircuitt9o@narod.ru
405975651,Dulsea Tomankowski,dtomankowski9p@utexas.edu
375071985,Hermy Ingman,hingman9q@tinypic.com
285555871,Archie Duffyn,aduffyn9r@gov.uk
219190795,Meredeth Eykelhof,meykelhof9s@zdnet.com
453325066,Rodolphe Shelford,rshelford9t@meetup.com
276792231,Hetty Ferras,hferras9u@xing.com
251011649,Micheline Mackneis,mmackneis9v@pcworld.com
454410023,Von Antosik,vantosik9w@intel.com
429058205,Murry Fancett,mfancett9x@nyu.edu
387333464,Menard Skewis,mskewis9y@wikispaces.com
358937026,Rad Messham,rmessham9z@bandcamp.com
434849507,Liliane Cheine,lcheinea0@google.ca
483403935,Ofelia Pyle,opylea1@bloglovin.com
388852457,Morly Sturley,msturleya2@techcrunch.com
368191760,Dyann Tubby,dtubbya3@npr.org
479299704,Faulkner Gooddy,fgooddya4@sina.com.cn
485278280,Nyssa Filyaev,nfilyaeva5@icio.us
334964738,Yves Zapata,yzapataa6@senate.gov
391314000,Rand Fahy,rfahya7@hostgator.com
349413158,Muffin Enevoldsen,menevoldsena8@wiley.com
344867903,Augustine Danis,adanisa9@wordpress.org
328478071,Heloise Teresse,hteresseaa@unblog.fr
405530553,Lauritz Hainey`,lhaineyab@angelfire.com
366851773,Deane Worham,dworhamac@nature.com
236874945,Elvira Kitcher,ekitcherad@com.com
354719567,Burtie Saull,bsaullae@washington.edu
474663819,Katlin Chew,kchewaf@hhs.gov
301635603,Donelle Daborne,ddaborneag@photobucket.com
421504156,Igor Straniero,istranieroah@cocolog-nifty.com
444091715,Ximenes Jones,xjonesai@mtv.com
422574612,Fabian Londesborough,flondesboroughaj@technorati.com
256316188,Jerrome Gillcrist,jgillcristak@eepurl.com
338055083,Arnuad Abrashkov,aabrashkoval@adobe.com
270552552,Daisie Ragate,dragateam@netvibes.com
477204458,Alverta Berryman,aberrymanan@uol.com.br
230068599,Cozmo Byrom,cbyromao@eventbrite.com
478264410,Dinnie Sawkin,dsawkinap@loc.gov
388042396,Darrell Ciccarello,dciccarelloaq@canalblog.com
304812647,Forest Matokhnin,fmatokhninar@cyberchimps.com
486795569,Cindy Mullord,cmullordas@tumblr.com
244070821,Olive Dermot,odermotat@diigo.com
377789677,Amargo Lemin,aleminau@plala.or.jp
461329264,Peggy Heinz,pheinzav@gmpg.org
211145941,Bernarr Kennsley,bkennsleyaw@nationalgeographic.com
385832552,Melva McDill,mmcdillax@cyberchimps.com
495705421,Madelina Frankema,mfrankemaay@artisteer.com
458752489,Darya Mariaud,dmariaudaz@studiopress.com
334429846,Merv Schanke,mschankeb0@constantcontact.com
373557241,Steffane Greenshiels,sgreenshielsb1@theguardian.com
390141870,Christiana Kellart,ckellartb2@tuttocitta.it
311314491,Cati Tomaskov,ctomaskovb3@ted.com
