passengerID,fullName,email
359879878,Georgeanne Briiginshaw,gbriiginshaw0@yale.edu
373832007,Rochell Renzo,rrenzo1@yellowbook.com
341538997,Dalia Mulleary,dmulleary2@cbsnews.com
232726970,Barnabas Walework,bwalework3@jigsy.com
293856512,Prissie Haquin,phaquin4@sun.com
297154235,Sidonia Hallard,shallard5@bing.com
497483908,Janeen Disman,jdisman6@seattletimes.com
486857496,Imelda Gerasch,igerasch7@hostgator.com
311955125,Thekla Arthan,tarthan8@feedburner.com
352047784,Arlin Woodfield,awoodfield9@gnu.org
253144005,Glad Skittles,gskittlesa@plala.or.jp
465378666,Janina Cruise,jcruiseb@hexun.com
336293543,Palmer McCoole,pmccoolec@topsy.com
437603671,Gisele Peet,gpeetd@spotify.com
268536335,Allyce McIlwrath,amcilwrathe@si.edu
288674022,Wendell Fairham,wfairhamf@scribd.com
417788177,Martha Sanson,msansong@angelfire.com
339229732,Goran Egar,gegarh@pinterest.com
383881662,Marius McGarva,mmcgarvai@slashdot.org
396003915,Anatola Seif,aseifj@cnbc.com
235758147,Margarethe Jermin,mjermink@shinystat.com
470931333,Rosemaria Clogg,rcloggl@drupal.org
416218763,Fredericka Skae,fskaem@nymag.com
416672116,Herold Carus,hcarusn@wix.com
313202776,Beryl Rash,brasho@alibaba.com
342588581,Maynard Kerwin,mkerwinp@prweb.com
280595585,Emogene Dewire,edewireq@homestead.com
232010689,Loy Glowacz,lglowaczr@sciencedaily.com
479460945,Allin Barthorpe,abarthorpes@imdb.com
436017990,Opal Skryne,oskrynet@gov.uk
291052644,Ernest Findley,efindleyu@bloomberg.com
296017350,Tobie McEttigen,tmcettigenv@unc.edu
406307301,Adelind Treble,atreblew@reverbnation.com
369526825,Hedy Gauld,hgauldx@livejournal.com
416267303,Goddard Dumbar,gdumbary@google.co.jp
227607896,Giselle Macari,gmacariz@t-online.de
297819824,Abramo Sheddan,asheddan10@nsw.gov.au
270109787,Bill Iddon,biddon11@paginegialle.it
240321712,Mendel Dmitrienko,mdmitrienko12@linkedin.com
459198840,Miof mela Labrum,mmela13@blinklist.com
402018096,Kailey Habercham,khabercham14@abc.net.au
349026307,Courtnay Kinnock,ckinnock15@blog.com
325680699,Olivier Melrose,omelrose16@npr.org
336036009,Efrem Wooler,ewooler17@nifty.com
412364425,Camey Orteaux,corteaux18@abc.net.au
316261920,Hew Conn,hconn19@sohu.com
379556423,Baxter Flecknoe,bflecknoe1a@xrea.com
218020569,Rancell Quixley,rquixley1b@ycombinator.com
347237687,Emory Bricksey,ebricksey1c@youku.com
340871210,Petronella Coughan,pcoughan1d@wix.com
403452672,Eveleen Bool,ebool1e@acquirethisname.com
340361397,Sada Mortell,smortell1f@goo.gl
363684238,Stearn Kavanagh,skavanagh1g@va.gov
398298090,Efren Goss,egoss1h@npr.org
259733358,Garland Ellwell,gellwell1i@tamu.edu
321030097,Aveline Ummfrey,aummfrey1j@disqus.com
318468213,Emmy Mycroft,emycroft1k@discuz.net
413376397,Giacopo Balcombe,gbalcombe1l@icio.us
245764314,Daisy Olenin,dolenin1m@unicef.org
224528877,Sapphire Dancey,sdancey1n@soup.io
273894635,Obadiah Fowlie,ofowlie1o@canalblog.com
316175494,Nara Citrine,ncitrine1p@cornell.edu
327748388,Orland Colquitt,ocolquitt1q@weibo.com
342532611,Genevra Pulfer,gpulfer1r@abc.net.au
418732940,Mikaela Geffen,mgeffen1s@amazon.co.jp
409767245,Emelda Izak,eizak1t@biblegateway.com
428127190,Bibby Mathet,bmathet1u@plala.or.jp
311243367,Othilie Harberer,oharberer1v@macromedia.com
342447415,Min Chater,mchater1w@shutterfly.com
308409653,Cristiano Filyushkin,cfilyushkin1x@ycombinator.com
280405720,Dora McGovern,dmcgovern1y@amazon.co.uk
331113856,Barri Pettitt,bpettitt1z@spotify.com
252905072,Ichabod Edden,iedden20@chicagotribune.com
478973666,Vonni Goodlife,vgoodlife21@va.gov
346322669,Giulio Nunnerley,gnunnerley22@ovh.net
371883046,Giffy Roch,groch23@ucla.edu
381809060,Leonid Stopp,lstopp24@rambler.ru
218977084,Sybille Bails,sbails25@xing.com
418378948,Berget Charlewood,bcharlewood26@ca.gov
234720081,Latia Feavearyear,lfeavearyear27@aol.com
301759120,Michaelina Gaiford,mgaiford28@mapy.cz
471175542,Rafaello Gillbe,rgillbe29@sfgate.com
418248543,Georgine Perfect,gperfect2a@blogs.com
229706312,Sibyl O'Dwyer,sodwyer2b@reverbnation.com
387959720,Valeda Mustoo,vmustoo2c@vk.com
245509154,Gianna Barrand,gbarrand2d@hibu.com
325927220,Sydney Dolley,sdolley2e@discuz.net
314274095,Gigi Dadge,gdadge2f@utexas.edu
275518953,Leo Toppes,ltoppes2g@elegantthemes.com
382315622,Jeannine Palleske,jpalleske2h@woothemes.com
492402226,Layne Duckitt,lduckitt2i@nsw.gov.au
436124964,Hoyt Wankel,hwankel2j@cdc.gov
235986217,Marlowe Smees,msmees2k@qq.com
287203807,Blanca Ashfold,bashfold2l@nbcnews.com
395856156,Worden Chowne,wchowne2m@nhs.uk
357594281,Orella Sanderson,osanderson2n@utexas.edu
351913395,Jannel McQuilkin,jmcquilkin2o@geocities.jp
319196425,Hussein Borrel,hborrel2p@goo.ne.jp
277226756,Frank Coghill,fcoghill2q@wordpress.org
293036599,Amalia Turton,aturton2r@bizjournals.com
234152170,Alayne Jeffes,ajeffes2s@soundcloud.com
269938606,Blakelee Bayliss,bbayliss2t@time.com
470569977,Diana Harring,dharring2u@creativecommons.org
451822235,Harriette Cocker,hcocker2v@disqus.com
481391508,Van Peerman,vpeerman2w@ebay.com
420172906,Karol Cross,kcross2x@un.org
286165882,Alberto Waszkiewicz,awaszkiewicz2y@webeden.co.uk
496468263,Liva Zanassi,lzanassi2z@nymag.com
333673232,Nita Caudle,ncaudle30@jimdo.com
264999911,Brucie Parbrook,bparbrook31@goodreads.com
428421172,Kenna Gottelier,kgottelier32@intel.com
246680407,Tamiko Hebden,thebden33@ameblo.jp
418549852,Caralie Tappin,ctappin34@bluehost.com
333408956,Tucker Malbon,tmalbon35@salon.com
395040359,Shel Highman,shighman36@cdc.gov
403523499,Wade Kensit,wkensit37@1688.com
411283403,Rich Lackmann,rlackmann38@foxnews.com
316488396,Suzie Canceller,scanceller39@alibaba.com
410093549,Mildrid Carp,mcarp3a@photobucket.com
419473016,Idell De Bruin,ide3b@yandex.ru
212824967,Alena Sundin,asundin3c@behance.net
232918685,Celeste Lawty,clawty3d@whitehouse.gov
291931970,Daffie Morrant,dmorrant3e@nature.com
277813663,Elroy Havoc,ehavoc3f@newyorker.com
313934429,Trstram Pyecroft,tpyecroft3g@mozilla.org
326982283,Agneta Mapes,amapes3h@livejournal.com
274526456,Iggie Herley,iherley3i@ehow.com
257395588,Ginny MacNamara,gmacnamara3j@home.pl
328924117,Terrance Fishpoole,tfishpoole3k@yellowpages.com
314533108,Dare Bircher,dbircher3l@example.com
386272781,Birgitta Meehan,bmeehan3m@wp.com
445251551,Pavla Gander,pgander3n@jugem.jp
429579779,Peggi Marzellano,pmarzellano3o@nationalgeographic.com
213637554,Lucienne Mea,lmea3p@goodreads.com
381182167,Florrie Dilgarno,fdilgarno3q@washington.edu
307763260,Fergus Nurcombe,fnurcombe3r@amazon.co.uk
295335242,Erena Porrett,eporrett3s@icq.com
441867412,Gallard Dooler,gdooler3t@guardian.co.uk
470323386,Aylmar Smalles,asmalles3u@ifeng.com
239779973,Connie Karlicek,ckarlicek3v@odnoklassniki.ru
439574962,Merilee Vanyashkin,mvanyashkin3w@hubpages.com
373896853,Nanine Karppi,nkarppi3x@diigo.com
349642644,Ryon Karoly,rkaroly3y@abc.net.au
305598446,Martha Oxenford,moxenford3z@earthlink.net
267901486,Duke McLarty,dmclarty40@walmart.com
279520978,Betta Oxenham,boxenham41@skyrock.com
453828915,Evita Andrejevic,eandrejevic42@nba.com
367389286,Alanah Couves,acouves43@geocities.jp
486831731,Dionne Janecek,djanecek44@rakuten.co.jp
426828887,Florida Carding,fcarding45@miibeian.gov.cn
271280468,Madalena Tiplady,mtiplady46@yandex.ru
400517129,Kissee Brownsey,kbrownsey47@xinhuanet.com
472542156,Leontyne Sheffield,lsheffield48@state.gov
283779145,Amata Mahaddy,amahaddy49@e-recht24.de
448549907,Lezley Cotty,lcotty4a@geocities.jp
259792574,Torry Feldon,tfeldon4b@nsw.gov.au
256855583,Denny Insull,dinsull4c@friendfeed.com
211669312,Fanechka Attryde,fattryde4d@answers.com
230308241,Damon McCarron,dmccarron4e@nyu.edu
395487373,Ingrid Leversha,ileversha4f@answers.com
375275218,Atlante Corsan,acorsan4g@nyu.edu
419386502,Sapphira Boustred,sboustred4h@pcworld.com
462256435,Upton Frankel,ufrankel4i@xrea.com
334058843,Mozelle Beech,mbeech4j@slashdot.org
452319204,Myrle Marjoribanks,mmarjoribanks4k@123-reg.co.uk
439187098,Prisca Gabbatiss,pgabbatiss4l@comsenz.com
397061680,Stuart Congdon,scongdon4m@yale.edu
288389311,Kirbee Dann,kdann4n@unicef.org
234712072,Billi Brettle,bbrettle4o@newsvine.com
371335686,Juditha Du Fray,jdu4p@whitehouse.gov
368276395,Rebeka Benda,rbenda4q@sbwire.com
444374221,Johnathon Raspison,jraspison4r@php.net
325768507,Nahum Boyd,nboyd4s@forbes.com
422491937,Aleen Freezer,afreezer4t@dyndns.org
263836623,Virginie Winborn,vwinborn4u@ihg.com
268566302,Godiva Antoszczyk,gantoszczyk4v@youtu.be
239298782,Nickolas Shakle,nshakle4w@ibm.com
492498079,Jehu Waggitt,jwaggitt4x@apache.org
314022750,Jaye Venart,jvenart4y@samsung.com
363916163,Errol Heijnen,eheijnen4z@quantcast.com
391326641,Cammy Yeowell,cyeowell50@google.ru
358555029,Augustin Wildbore,awildbore51@time.com
361257721,Arlen Brobyn,abrobyn52@oracle.com
211971937,Yoko Dineen,ydineen53@storify.com
351687968,Filide Adamowicz,fadamowicz54@issuu.com
299754673,Atalanta Jerschke,ajerschke55@storify.com
324606732,Tiff Galilee,tgalilee56@delicious.com
356433171,Rebbecca Matchett,rmatchett57@canalblog.com
481962520,Gussi Horburgh,ghorburgh58@51.la
481933433,Jobi Andreichik,jandreichik59@china.com.cn
359177343,Zachary Chieco,zchieco5a@mac.com
431304405,Hardy Mallabar,hmallabar5b@salon.com
281502610,West Crellin,wcrellin5c@diigo.com
420361827,Carlyle Brydone,cbrydone5d@wired.com
297609425,Hasty Mullan,hmullan5e@bluehost.com
444182239,Gabriello Nutter,gnutter5f@sciencedaily.com
411191916,Elenore Leteurtre,eleteurtre5g@umich.edu
432055871,Markos Francklin,mfrancklin5h@icio.us
211589839,Revkah St. Pierre,rst5i@netvibes.com
331241986,Alisander MacInnes,amacinnes5j@msn.com
233697673,Nell Cassey,ncassey5k@arizona.edu
239730089,Meara Dunican,mdunican5l@typepad.com
237222220,Fancie Gossage,fgossage5m@mozilla.com
367939348,Ayn Hofton,ahofton5n@auda.org.au
327595937,Bailey Roselli,broselli5o@gmpg.org
463881188,Brade Haseldine,bhaseldine5p@springer.com
236132950,Nickey Morrilly,nmorrilly5q@cisco.com
344208945,Gilberto Ongin,gongin5r@cisco.com
410590026,Min Weavers,mweavers5s@pinterest.com
295073854,Lucais Canty,lcanty5t@uol.com.br
445654257,Margret Marwick,mmarwick5u@diigo.com
398170223,Barbette Philo,bphilo5v@mediafire.com
383082204,Ron Maidstone,rmaidstone5w@fotki.com
369126391,Culley Mayer,cmayer5x@google.co.jp
498396637,Stoddard Tipler,stipler5y@cocolog-nifty.com
251767727,Tudor Denk,tdenk5z@themeforest.net
239187941,Derek Neeson,dneeson60@state.gov
463613702,Averyl Desseine,adesseine61@theglobeandmail.com
388083469,Samuel Kuhnel,skuhnel62@google.cn
474732711,Aeriel Chasteney,achasteney63@t-online.de
240317661,Ty Muslim,tmuslim64@state.tx.us
323173433,Shalom Llewhellin,sllewhellin65@cdbaby.com
424564563,Westley Fitchen,wfitchen66@epa.gov
355971544,Carrissa Vidgeon,cvidgeon67@phoca.cz
327643360,Miller O'Curran,mocurran68@symantec.com
460343630,Angie Still,astill69@phoca.cz
320140393,Cicily Fuzzard,cfuzzard6a@constantcontact.com
369260196,Tersina Pohls,tpohls6b@wisc.edu
403414156,Lainey Iggulden,liggulden6c@ox.ac.uk
254262595,Kerri Blayney,kblayney6d@unicef.org
262661550,Cooper Mahaddy,cmahaddy6e@t-online.de
469649193,Cami Russon,crusson6f@gizmodo.com
260354708,Upton Yerborn,uyerborn6g@unicef.org
351249556,Madelle Rodell,mrodell6h@dell.com
483412254,Adah Snoxill,asnoxill6i@reuters.com
300454647,Tamas De Benedetti,tde6j@macromedia.com
287336313,Ransom Gerdts,rgerdts6k@ucoz.com
380484481,Leif Scripture,lscripture6l@webs.com
440277703,Geneva Mandell,gmandell6m@facebook.com
313015690,Gertruda Caulkett,gcaulkett6n@yolasite.com
497611393,Porty Meaker,pmeaker6o@e-recht24.de
254545499,Audie Joe,ajoe6p@mail.ru
235591433,Niccolo Gillino,ngillino6q@bbc.co.uk
307633941,Vonnie Artois,vartois6r@elegantthemes.com
426035369,Munmro De Stoop,mde6s@pbs.org
485677584,Jennica Pankettman,jpankettman6t@google.ca
256053550,Verne Derr,vderr6u@friendfeed.com
442698197,Mahmud Lutman,mlutman6v@aol.com
406907493,Fidel Meyer,fmeyer6w@columbia.edu
368362720,Anson Jiras,ajiras6x@printfriendly.com
499104042,Franciska Markus,fmarkus6y@geocities.jp
225375571,Gwenore Nucator,gnucator6z@ted.com
407890103,Winna Hatto,whatto70@yale.edu
449429679,Lothaire Patise,lpatise71@printfriendly.com
418765385,Norbie Ruske,nruske72@pinterest.com
467561168,Cindie Hanley,chanley73@hubpages.com
443461327,Jamal Whanstall,jwhanstall74@ycombinator.com
439645651,Thomasin Benn,tbenn75@yolasite.com
418205214,Clarissa Waiton,cwaiton76@dell.com
342563109,Skippy Greenlees,sgreenlees77@google.com
241800762,Kinny Fenge,kfenge78@epa.gov
476245410,Shana Morling,smorling79@nifty.com
458105415,Blondell Conre,bconre7a@usatoday.com
245433996,Horst Passfield,hpassfield7b@is.gd
385233551,Xylina Lingfoot,xlingfoot7c@wired.com
487418116,Donia Scutchings,dscutchings7d@timesonline.co.uk
277758007,Michele Longridge,mlongridge7e@senate.gov
225822846,Shayne Belson,sbelson7f@feedburner.com
340179069,Mattie Chillcot,mchillcot7g@sitemeter.com
321136274,Boris Somerset,bsomerset7h@yellowbook.com
491180846,Anabal Ivanishin,aivanishin7i@t.co
220673015,Ricoriki Downey,rdowney7j@cdbaby.com
410027110,Jimmie Dongles,jdongles7k@g.co
248461650,Andrey Buzza,abuzza7l@un.org
434479234,Lorrin Lilford,llilford7m@purevolume.com
358914036,Milicent Yarranton,myarranton7n@microsoft.com
419771786,Ado Chartres,achartres7o@arizona.edu
405894323,Giffy Daly,gdaly7p@virginia.edu
411469510,King Veivers,kveivers7q@topsy.com
248861041,Elizabet Papis,epapis7r@miitbeian.gov.cn
365196330,Laverne Ende,lende7s@noaa.gov
447713522,Toinette MacAdam,tmacadam7t@pen.io
316686815,Antonietta Renfield,arenfield7u@1und1.de
449346627,Cozmo Dunnett,cdunnett7v@pinterest.com
303730272,Nanci Garrity,ngarrity7w@guardian.co.uk
421059909,Jackqueline Wardall,jwardall7x@yahoo.co.jp
346568873,Riannon Tokley,rtokley7y@mit.edu
316476250,Garvin Besant,gbesant7z@youtu.be
249878744,Carmon Riteley,criteley80@fda.gov
479195559,Sal Sikora,ssikora81@tuttocitta.it
456502641,Kristine Crennell,kcrennell82@nps.gov
482653654,Kathlin Booton,kbooton83@imgur.com
262764017,Jakob Ierland,jierland84@goo.gl
345128127,Kirsten Umpleby,kumpleby85@alibaba.com
378837392,Karlee Attwood,kattwood86@blog.com
364905415,Vicki Shinfield,vshinfield87@forbes.com
341205438,Aurore Artus,aartus88@fda.gov
360507018,Denny Finlry,dfinlry89@ibm.com
440839613,Junie Hinchshaw,jhinchshaw8a@google.nl
498410246,Fran Jickells,fjickells8b@ucoz.ru
484165480,Malvina Ekless,mekless8c@sitemeter.com
282227895,Crin Gillivrie,cgillivrie8d@technorati.com
449783100,Tomkin Aggis,taggis8e@myspace.com
487064751,Cecil Ughelli,cughelli8f@typepad.com
450325365,Jeth Struther,jstruther8g@woothemes.com
300545337,Steffane Emtage,semtage8h@so-net.ne.jp
220374128,Sanford Rief,srief8i@slashdot.org
227168515,Dugald Hackforth,dhackforth8j@github.io
416233869,Kassandra Linkleter,klinkleter8k@multiply.com
345064532,Mirabelle Gisborne,mgisborne8l@tamu.edu
286954088,Jenica Sieb,jsieb8m@gravatar.com
256217391,Florida Hudd,fhudd8n@dot.gov
433874378,Aurthur Varnes,avarnes8o@dailymotion.com
464574380,Salli Derks,sderks8p@people.com.cn
311985091,Nissie Starmore,nstarmore8q@github.io
273838892,Giacobo Sevin,gsevin8r@arstechnica.com
241228265,Betsy Stockoe,bstockoe8s@pbs.org
336061123,Wilma Carson,wcarson8t@soundcloud.com
384933433,Cele Duinkerk,cduinkerk8u@lycos.com
276363956,Tarah Really,treally8v@howstuffworks.com
258220628,Glori Mycock,gmycock8w@lulu.com
379032149,Darrin Falkous,dfalkous8x@aol.com
495520941,Kenyon Vickars,kvickars8y@springer.com
488984701,Gibb Gudahy,ggudahy8z@yelp.com
357475751,Yance Rumke,yrumke90@webmd.com
346050412,Marena Scane,mscane91@nps.gov
400673208,Gail Brosetti,gbrosetti92@gnu.org
381840714,Brendan Takis,btakis93@prnewswire.com
347046857,Nedda Scothern,nscothern94@aol.com
237057583,Elden Munnis,emunnis95@timesonline.co.uk
389646226,Barnabas Riveles,briveles96@webeden.co.uk
248727402,Kassey Barltrop,kbarltrop97@meetup.com
249906301,Sampson Kropach,skropach98@berkeley.edu
227728286,Beniamino Klageman,bklageman99@mayoclinic.com
216967489,Almira Vasilov,avasilov9a@joomla.org
215042960,Kain Laverock,klaverock9b@usnews.com
423974078,Delphinia Newiss,dnewiss9c@so-net.ne.jp
291185598,Geraldine Warwicker,gwarwicker9d@ed.gov
472304159,Thacher Bresnahan,tbresnahan9e@cloudflare.com
439776382,Harv Wyatt,hwyatt9f@360.cn
326273549,Minne Stallion,mstallion9g@deliciousdays.com
230786648,Josefa Adam,jadam9h@howstuffworks.com
267496946,Antonetta Hylton,ahylton9i@wufoo.com
227211800,Charmion Jeacocke,cjeacocke9j@chronoengine.com
428871363,Delbert Camelin,dcamelin9k@nyu.edu
343021779,Katherine Ireland,kireland9l@harvard.edu
450511742,Gwenore Gawkes,ggawkes9m@latimes.com
302380207,Ware Rossiter,wrossiter9n@cdbaby.com
398344457,Laverne Dowdle,ldowdle9o@tripadvisor.com
325633844,Valery Wathen,vwathen9p@amazon.de
358851824,Penn Heskins,pheskins9q@biglobe.ne.jp
305551796,Gavrielle Shacklady,gshacklady9r@stumbleupon.com
473443709,Ambrosio Ballin,aballin9s@joomla.org
227611279,Karia Sinfield,ksinfield9t@princeton.edu
472030460,Connor Danher,cdanher9u@google.fr
241805045,Terence Winckles,twinckles9v@answers.com
473752179,Cristie Conkay,cconkay9w@themeforest.net
433725620,Reginauld Vazquez,rvazquez9x@multiply.com
266752919,Shamus Ledeker,sledeker9y@umich.edu
461461681,Clevie Goshawke,cgoshawke9z@java.com
330756840,Cornell Puller,cpullera0@epa.gov
227401251,Bobbye Kinnier,bkinniera1@reverbnation.com
293393899,Dorrie Rodrigues,drodriguesa2@seattletimes.com
498941370,Wilow Chandler,wchandlera3@forbes.com
320519083,Warner Bauld,wbaulda4@nytimes.com
424789628,Howard Brabant,hbrabanta5@admin.ch
259305502,Kariotta Greally,kgreallya6@mac.com
414971638,Hollis Lande,hlandea7@friendfeed.com
301623952,Tove Sulman,tsulmana8@cnbc.com
293050362,Simonne Staten,sstatena9@123-reg.co.uk
474367263,Kipp Hovey,khoveyaa@jigsy.com
317222971,Kristien Collison,kcollisonab@ebay.co.uk
387133579,Evita Korfmann,ekorfmannac@msn.com
449210707,Gerri Murney,gmurneyad@linkedin.com
353791173,Cassey Oles,colesae@loc.gov
453208463,Alphonso cornhill,acornhillaf@t.co
408782816,Jessamine Townsend,jtownsendag@accuweather.com
488158618,Melitta Champkins,mchampkinsah@squidoo.com
282394058,Taddeusz Gabbotts,tgabbottsai@posterous.com
441459496,Dorry Crossthwaite,dcrossthwaiteaj@spotify.com
458077904,Aaren Venables,avenablesak@artisteer.com
448525886,Putnem Jellman,pjellmanal@dailymotion.com
363649146,Elyn Ellissen,eellissenam@umich.edu
388917549,Edgardo Iacovolo,eiacovoloan@godaddy.com
347586946,Dall Nears,dnearsao@1und1.de
301070788,Timothy Peyzer,tpeyzerap@woothemes.com
442520917,Sergeant Weston,swestonaq@dailymail.co.uk
283423273,Tarrah Scouse,tscousear@cdbaby.com
388725416,Alden Cowp,acowpas@gov.uk
440245005,Miranda Vasyunkin,mvasyunkinat@census.gov
305494842,Harriot Arbon,harbonau@ucsd.edu
401451972,Marlin Jaqueminet,mjaqueminetav@yolasite.com
227788921,Eolande Goaley,egoaleyaw@vistaprint.com
268459664,Lindy Critchley,lcritchleyax@imgur.com
485097244,Pierce Rowantree,prowantreeay@barnesandnoble.com
332033908,Catlin Carine,ccarineaz@umn.edu
425519919,Jethro Davidwitz,jdavidwitzb0@plala.or.jp
327532589,Oliy Battison,obattisonb1@cnn.com
482015239,Quintus Bartosik,qbartosikb2@xinhuanet.com
465715936,Leigh Thorowgood,lthorowgoodb3@technorati.com
407292923,Giffy Wilkowski,gwilkowskib4@irs.gov
319982219,Abbi Sket,asketb5@disqus.com
343188548,Lorens Smoth,lsmothb6@hatena.ne.jp
341722708,Mikael Petkens,mpetkensb7@army.mil
326740504,Donn Towersey,dtowerseyb8@craigslist.org
342968266,Cinda Rogez,crogezb9@google.ca
316151600,Ardine Lidell,alidellba@cafepress.com
499155729,Mindy De Lisle,mdebb@posterous.com
448867191,Melina Dennidge,mdennidgebc@google.co.uk
337201603,Tallou Tredinnick,ttredinnickbd@ucoz.com
313077042,Nonnah Morrallee,nmorralleebe@facebook.com
335548955,Doralyn Burleigh,dburleighbf@barnesandnoble.com
386124925,Cecil Cejka,ccejkabg@123-reg.co.uk
459232938,Alonso Leither,aleitherbh@mayoclinic.com
294825995,Thomas Forman,tformanbi@biblegateway.com
214152001,Charis Rylands,crylandsbj@theglobeandmail.com
370613764,Dolores Dungey,ddungeybk@wired.com
250387553,Tamas Margrem,tmargrembl@pen.io
310487315,Waneta Howle,whowlebm@shinystat.com
259174341,Frankie Maly,fmalybn@apache.org
454110306,Bettine Ballaam,bballaambo@nature.com
218594528,Ermentrude Krzyzaniak,ekrzyzaniakbp@creativecommons.org
432111402,Kyle Van der Merwe,kvanbq@a8.net
344852269,Harbert Ginsie,hginsiebr@miitbeian.gov.cn
444429189,Gelya Dechelette,gdechelettebs@so-net.ne.jp
332477230,Jami Casiroli,jcasirolibt@va.gov
465344694,Sigvard Cheley,scheleybu@statcounter.com
417250079,Molly Ducrow,mducrowbv@dedecms.com
386671553,Carlota Redparth,credparthbw@techcrunch.com
355311769,Normie Quaif,nquaifbx@youtu.be
380677225,Feliza Cunniam,fcunniamby@php.net
396249091,Sandra Stimpson,sstimpsonbz@w3.org
424479081,Tripp Pawelke,tpawelkec0@sitemeter.com
456073307,Mathilda Bougourd,mbougourdc1@amazon.co.jp
275142592,Sheba Rosentholer,srosentholerc2@deliciousdays.com
280460119,Page Espinet,pespinetc3@liveinternet.ru
322873345,Alexis Motherwell,amotherwellc4@networksolutions.com
304135707,Ethel Durrans,edurransc5@artisteer.com
230689828,Teador Lefeaver,tlefeaverc6@yahoo.com
310130197,Emmerich Dowears,edowearsc7@biglobe.ne.jp
305278079,Gertrud Philbrick,gphilbrickc8@t.co
497378581,Alia Gaffney,agaffneyc9@buzzfeed.com
249462150,Clifford Voas,cvoasca@mozilla.org
484684271,Adolphus Plum,aplumcb@ox.ac.uk
485285141,Greggory Gravatt,ggravattcc@upenn.edu
262412559,Udall Yedy,uyedycd@imgur.com
383128713,Cheri Batten,cbattence@bizjournals.com
444664685,Ricoriki Bleacher,rbleachercf@howstuffworks.com
241635222,Christina Halcro,chalcrocg@plala.or.jp
216630901,Webb Froment,wfromentch@a8.net
389318329,Roselle Paling,rpalingci@columbia.edu
336220307,Cosette Froud,cfroudcj@nationalgeographic.com
211836296,Cynthie MacGoun,cmacgounck@discovery.com
400389990,Kingston McAless,kmcalesscl@about.me
298241795,Tyrus Delamar,tdelamarcm@etsy.com
446888463,Selby Van Waadenburg,svancn@myspace.com
423059013,Vincents Stannis,vstannisco@redcross.org
252584331,Kati Berends,kberendscp@drupal.org
411178675,Valeria Janovsky,vjanovskycq@ustream.tv
316575665,Lina Izacenko,lizacenkocr@123-reg.co.uk
497689108,Ruddy Elfleet,relfleetcs@people.com.cn
403056011,Barny Jakubowicz,bjakubowiczct@mapquest.com
278469637,Adriane Cellier,acelliercu@utexas.edu
254033865,Joelynn Brotherheed,jbrotherheedcv@prweb.com
351296370,Christian Nicolson,cnicolsoncw@themeforest.net
440573236,Agnese Sunter,asuntercx@ovh.net
240348427,Arabele Tucsell,atucsellcy@reuters.com
363541329,Francois Leathard,fleathardcz@plala.or.jp
281644327,Gregg Willimont,gwillimontd0@guardian.co.uk
466835167,Harwilll Snalum,hsnalumd1@symantec.com
338418123,Aland Piercey,apierceyd2@flickr.com
490644305,Derward Germon,dgermond3@yellowbook.com
350167449,Annalee Cheke,acheked4@cdc.gov
439406386,Wendell McParlin,wmcparlind5@deviantart.com
213809274,Ruby O'Heffernan,roheffernand6@wufoo.com
356740227,Carver Ewins,cewinsd7@aol.com
271424873,Frazer Izhaky,fizhakyd8@mozilla.org
305311098,Kimberly Boich,kboichd9@live.com
250252299,Freddie Sothern,fsothernda@free.fr
371003433,Terry Tschierse,ttschiersedb@tiny.cc
475059270,Marisa Webbe,mwebbedc@linkedin.com
289424061,Gerrie Siuda,gsiudadd@hc360.com
379988328,Gilberta Pill,gpillde@indiatimes.com
259195119,Iorgo Cammoile,icammoiledf@cbslocal.com
466590759,Noelle Bottom,nbottomdg@timesonline.co.uk
395008003,Peter Coupland,pcouplanddh@jugem.jp
268203380,Marja Ferruzzi,mferruzzidi@angelfire.com
387878284,Sadella Mustoo,smustoodj@globo.com
360221610,Saraann Buer,sbuerdk@accuweather.com
242417865,Adria Shoulders,ashouldersdl@123-reg.co.uk
476059267,Rene Croux,rcrouxdm@hostgator.com
367592918,Howie Moye,hmoyedn@blinklist.com
223381002,Bradford Camellini,bcamellinido@apache.org
404090370,Melinde Jemison,mjemisondp@creativecommons.org
346831141,Nissy Ambrodi,nambrodidq@ox.ac.uk
322828012,Heidi Handley,hhandleydr@opera.com
394828200,Valery Atwood,vatwoodds@columbia.edu
228524376,Lurlene Faers,lfaersdt@cnn.com
377307524,Seth Fetter,sfetterdu@bing.com
305166783,Remy Chilton,rchiltondv@mozilla.com
259810769,Daisy Sanper,dsanperdw@omniture.com
239455718,Pamela Dietmar,pdietmardx@bing.com
394893493,Eda Megroff,emegroffdy@1und1.de
232060793,Aylmar Petrushkevich,apetrushkevichdz@google.co.jp
429584938,Blondy Plain,bplaine0@bizjournals.com
211284907,Ashil Schach,aschache1@wiley.com
392389051,Lucila Blackwood,lblackwoode2@arizona.edu
251017542,Marianne Sertin,msertine3@sohu.com
317132346,Reinaldos Chewter,rchewtere4@sogou.com
296215611,Culley Capelin,ccapeline5@nih.gov
271100515,Linzy Eate,leatee6@salon.com
264991672,Jourdan Parrett,jparrette7@ca.gov
326189138,Gal Davidson,gdavidsone8@ameblo.jp
293052913,Rad Prestner,rprestnere9@slate.com
355032950,Evan Braund,ebraundea@purevolume.com
283378055,Ximenez How to preserve,xhoweb@cam.ac.uk
361456017,Quillan Landells,qlandellsec@quantcast.com
476958267,Torry Piscopello,tpiscopelloed@printfriendly.com
422810336,Hailee Sempill,hsempillee@ibm.com
462583545,Evangelin Keenlyside,ekeenlysideef@soundcloud.com
463880597,Alverta Bleue,ableueeg@shareasale.com
214646119,Linell Hatherleigh,lhatherleigheh@macromedia.com
478401556,Dena Waggatt,dwaggattei@guardian.co.uk
221368442,Lulu Rusbridge,lrusbridgeej@com.com
326001027,Ulises Keeri,ukeeriek@hhs.gov
485628609,Brandy Senecaut,bsenecautel@shutterfly.com
360687533,Portie Cronkshaw,pcronkshawem@over-blog.com
391638447,Allyson Sissot,asissoten@mapy.cz
368732564,Theda Blaze,tblazeeo@ebay.com
472542830,Gabbie Pates,gpatesep@hibu.com
251623751,Matthaeus Dignan,mdignaneq@purevolume.com
381953957,Meggi Newens,mnewenser@discuz.net
358953314,Holli Ferrieres,hferriereses@vinaora.com
391326526,Grethel Patron,gpatronet@google.ca
432509832,Dodi Beadnall,dbeadnalleu@paypal.com
328360138,Lawry Novichenko,lnovichenkoev@sciencedaily.com
390049393,Yankee Chitham,ychithamew@edublogs.org
405720406,Dulciana Marvin,dmarvinex@stumbleupon.com
306526396,Reena Ilden,rildeney@acquirethisname.com
296630045,Claudell Constance,cconstanceez@icio.us
488130057,Rolfe Lighten,rlightenf0@irs.gov
231966250,Alfi Batie,abatief1@delicious.com
339718165,Alisha Brockie,abrockief2@amazon.co.jp
219988993,Dasha Gleasane,dgleasanef3@google.ru
250049417,Dionysus Quartermaine,dquartermainef4@1und1.de
305140042,Anastasia Birwhistle,abirwhistlef5@nydailynews.com
231129926,Guy Wealleans,gwealleansf6@cbsnews.com
493258556,Huey O'Dyvoy,hodyvoyf7@joomla.org
366216482,Whitney Castri,wcastrif8@nhs.uk
287033425,Jemie Orrett,jorrettf9@blogs.com
436412350,Harold Dymick,hdymickfa@howstuffworks.com
326082820,Klement Kynaston,kkynastonfb@businessweek.com
417322107,Creighton Goldsby,cgoldsbyfc@blog.com
492292865,Brigg Figurski,bfigurskifd@php.net
283102894,Donetta Dewett,ddewettfe@google.es
350058443,Zacharias Attwoul,zattwoulff@woothemes.com
407971303,Florina Fearnsides,ffearnsidesfg@clickbank.net
249284684,Doll Billie,dbilliefh@usa.gov
483967490,Nealy Veness,nvenessfi@noaa.gov
303072978,Minda Calafate,mcalafatefj@foxnews.com
252012139,Renata Kobu,rkobufk@jalbum.net
417200011,Cherey Edridge,cedridgefl@people.com.cn
399466520,Lilla Traviss,ltravissfm@forbes.com
223508928,Bennett Moxstead,bmoxsteadfn@miitbeian.gov.cn
338916375,Meryl Riddell,mriddellfo@blogs.com
392563780,Kristien Gaggen,kgaggenfp@biglobe.ne.jp
478309177,Flore Kyneton,fkynetonfq@irs.gov
346431025,Ilene Grewe,igrewefr@squidoo.com
490699810,Harmonia Rentoll,hrentollfs@house.gov
442231069,Ulysses Cornford,ucornfordft@fastcompany.com
290244872,Donaugh Fritz,dfritzfu@ebay.com
230878667,Elladine Huggins,ehugginsfv@wired.com
461264648,Allyn Ashwell,aashwellfw@dropbox.com
362792149,Barbabra Strelitz,bstrelitzfx@mashable.com
443492091,Madonna Houlaghan,mhoulaghanfy@wikipedia.org
304310011,Freddie Wink,fwinkfz@abc.net.au
476425140,Levey Brighouse,lbrighouseg0@forbes.com
446065830,Niles Roke,nrokeg1@weibo.com
373126258,Patrice Portal,pportalg2@spotify.com
419106846,Celie Goldfinch,cgoldfinchg3@amazon.co.uk
293512693,Avigdor Isham,aishamg4@google.es
331419492,Priscella Redmore,predmoreg5@instagram.com
292844696,Erroll Danovich,edanovichg6@storify.com
393142968,Lynnea McManamen,lmcmanameng7@va.gov
451658933,Millard Trowbridge,mtrowbridgeg8@naver.com
421652165,Ava Aust,aaustg9@ucoz.com
265250506,Lyn Lantry,llantryga@imageshack.us
416744592,Kerwinn Haresnaip,kharesnaipgb@google.de
381552080,Rorie France,rfrancegc@cornell.edu
230652541,Kanya Fuggle,kfugglegd@comsenz.com
466382218,Rockwell MacDiarmond,rmacdiarmondge@ucoz.com
494235344,Alphonse Grigore,agrigoregf@infoseek.co.jp
264843362,Lombard Mc Giffin,lmcgg@netlog.com
282574079,Martino Cowpertwait,mcowpertwaitgh@microsoft.com
417374957,Tabbatha Sentance,tsentancegi@goodreads.com
459347365,Lucille Say,lsaygj@sciencedirect.com
292164979,Giff Smullen,gsmullengk@bigcartel.com
302976554,Neill Renshell,nrenshellgl@mashable.com
308422989,Georas Howson,ghowsongm@shop-pro.jp
457178188,Meryl Ashford,mashfordgn@canalblog.com
